{
  "Save API HTTP Request" : {
    "transaction" : "Save API HTTP Request",
    "sampleCount" : 5000,
    "errorCount" : 0,
    "errorPct" : 0.0,
    "meanResTime" : 29.87319999999996,
    "minResTime" : 8.0,
    "maxResTime" : 442.0,
    "pct1ResTime" : 46.0,
    "pct2ResTime" : 52.0,
    "pct3ResTime" : 77.97999999999956,
    "throughput" : 16.654564349905737,
    "receivedKBytesPerSec" : 4.667832000413033,
    "sentKBytesPerSec" : 1396.5763003883844
  },
  "Total" : {
    "transaction" : "Total",
    "sampleCount" : 5000,
    "errorCount" : 0,
    "errorPct" : 0.0,
    "meanResTime" : 29.87319999999996,
    "minResTime" : 8.0,
    "maxResTime" : 442.0,
    "pct1ResTime" : 46.0,
    "pct2ResTime" : 52.0,
    "pct3ResTime" : 77.97999999999956,
    "throughput" : 16.654564349905737,
    "receivedKBytesPerSec" : 4.667832000413033,
    "sentKBytesPerSec" : 1396.5763003883844
  }
}