{
  "Save API HTTP Request" : {
    "transaction" : "Save API HTTP Request",
    "sampleCount" : 50000,
    "errorCount" : 21120,
    "errorPct" : 42.24,
    "meanResTime" : 4006.395380000043,
    "minResTime" : 0.0,
    "maxResTime" : 544278.0,
    "pct1ResTime" : 4009.0,
    "pct2ResTime" : 4372.9000000000015,
    "pct3ResTime" : 454774.29000000074,
    "throughput" : 11.110451890965582,
    "receivedKBytesPerSec" : 14.646653100666027,
    "sentKBytesPerSec" : 538.1338346147018
  },
  "Total" : {
    "transaction" : "Total",
    "sampleCount" : 50000,
    "errorCount" : 21120,
    "errorPct" : 42.24,
    "meanResTime" : 4006.395380000043,
    "minResTime" : 0.0,
    "maxResTime" : 544278.0,
    "pct1ResTime" : 4009.0,
    "pct2ResTime" : 4372.9000000000015,
    "pct3ResTime" : 454774.29000000074,
    "throughput" : 11.110451890965582,
    "receivedKBytesPerSec" : 14.646653100666027,
    "sentKBytesPerSec" : 538.1338346147018
  }
}