{
  "Save API HTTP Request" : {
    "transaction" : "Save API HTTP Request",
    "sampleCount" : 25000,
    "errorCount" : 7765,
    "errorPct" : 31.06,
    "meanResTime" : 4473.3134400000035,
    "minResTime" : 0.0,
    "maxResTime" : 388695.0,
    "pct1ResTime" : 6300.700000000004,
    "pct2ResTime" : 11214.0,
    "pct3ResTime" : 246024.12000000302,
    "throughput" : 16.666866669066696,
    "receivedKBytesPerSec" : 16.363415110981332,
    "sentKBytesPerSec" : 963.5108980682768
  },
  "Total" : {
    "transaction" : "Total",
    "sampleCount" : 25000,
    "errorCount" : 7765,
    "errorPct" : 31.06,
    "meanResTime" : 4473.3134400000035,
    "minResTime" : 0.0,
    "maxResTime" : 388695.0,
    "pct1ResTime" : 6300.700000000004,
    "pct2ResTime" : 11214.0,
    "pct3ResTime" : 246024.12000000302,
    "throughput" : 16.666866669066696,
    "receivedKBytesPerSec" : 16.363415110981332,
    "sentKBytesPerSec" : 963.5108980682768
  }
}