{
  "Save API HTTP Request" : {
    "transaction" : "Save API HTTP Request",
    "sampleCount" : 10000,
    "errorCount" : 4133,
    "errorPct" : 41.33,
    "meanResTime" : 1970.22750000001,
    "minResTime" : 1.0,
    "maxResTime" : 9377.0,
    "pct1ResTime" : 5303.799999999999,
    "pct2ResTime" : 5914.0,
    "pct3ResTime" : 7833.98,
    "throughput" : 86.33714655730628,
    "receivedKBytesPerSec" : 102.39427072091517,
    "sentKBytesPerSec" : 833.3177240718757
  },
  "Total" : {
    "transaction" : "Total",
    "sampleCount" : 10000,
    "errorCount" : 4133,
    "errorPct" : 41.33,
    "meanResTime" : 1970.22750000001,
    "minResTime" : 1.0,
    "maxResTime" : 9377.0,
    "pct1ResTime" : 5303.799999999999,
    "pct2ResTime" : 5914.0,
    "pct3ResTime" : 7833.98,
    "throughput" : 86.33714655730628,
    "receivedKBytesPerSec" : 102.39427072091517,
    "sentKBytesPerSec" : 833.3177240718757
  }
}